{
    "misc.jeg.tier": "Ярус: ",
    "misc.jeg.ready_to_use": "Готово к использованию",
    "misc.jeg.cooldown": "Статус охлаждения: ",
    "misc.jeg.uses_left": "Использований осталось: ",
    "misc.jeg.effects": "Эффекты:",
    "misc.jeg.chance": "шанс",
    "misc.jeg.durability": "Прочность: ",
    "misc.jeg.effects_on_attacker": "Эффекты, применённые на игрока",
    "misc.jeg.effects_on_mob": "Эффекты, применённые на моба",
    "misc.jeg.effects_on_miner": "Эффекты, применённые на копающую сущность",
    "misc.jeg.chance_full": "Шанс: ",
    "misc.jeg.reflect_damage_pt1": "Отражает ",
    "misc.jeg.reflect_damage_pt2": "% урона обратно атакующему",
    "misc.jeg.reflect_damage_pt3": " с шансом ",
    "itemGroup.jeg.item_group": "Just Enough Gems",
    "item.jeg.quartz_gem": "Кварцевый гем",
    "item.jeg.andalusite_gem": "Андалузитовый гем",
    "item.jeg.morganite_gem": "Морганитовый гем",
    "item.jeg.taaffeite_gem": "Таафеитовый гем",
    "item.jeg.pink_quartz_gem": "Розово-кварцевый гем",
    "item.jeg.euclase_gem": "Евклазовый гем",
    "item.jeg.chrysolite_gem": "Хризолитовый гем",
    "item.jeg.sapphire_gem": "Сапфировый гем",
    "item.jeg.heliodore_gem": "Гелиодоровый гем",
    "item.jeg.ruby_gem": "Рубиновый гем",
    "item.jeg.aquamarine_gem": "Аквамариновый гем",
    "item.jeg.tanzanite_gem": "Танзанитовый гем",
    "item.jeg.tsavorite_gem": "Цаворитовый гем",
    "item.jeg.verdelite_gem": "Верделитовый гем",
    "item.jeg.indigolite_gem": "Индиголитовый гем",
    "item.jeg.opal_gem": "Опаловый гем",
    "item.jeg.quartz_amulet": "Кварцевый амулет",
    "item.jeg.andalusite_amulet": "Андалузитовый амулет",
    "item.jeg.morganite_amulet": "Морганитовый амулет",
    "item.jeg.taaffeite_amulet": "Таафеитовый амулет",
    "item.jeg.pink_quartz_amulet": "Розово-кварцевый амулет",
    "item.jeg.euclase_amulet": "Евклазовый амулет",
    "item.jeg.chrysolite_amulet": "Хризолитовый амулет",
    "item.jeg.sapphire_amulet": "Сапфировый амулет",
    "item.jeg.heliodore_amulet": "Гелиодоровый амулет",
    "item.jeg.ruby_amulet": "Рубиновый амулет",
    "item.jeg.aquamarine_amulet": "Аквамариновый амулет",
    "item.jeg.tanzanite_amulet": "Танзанитовый амулет",
    "item.jeg.tsavorite_amulet": "Цаворитовый амулет",
    "item.jeg.verdelite_amulet": "Верделитовый амулет",
    "item.jeg.indigolite_amulet": "Индиголитовый амулет",
    "item.jeg.opal_amulet": "Опаловый амулет",
    "item.jeg.quartz_sword": "Кварцевый меч",
    "item.jeg.andalusite_sword": "Андалузитовый меч",
    "item.jeg.morganite_sword": "Морганитовый меч",
    "item.jeg.taaffeite_sword": "Таафеитовый меч",
    "item.jeg.pink_quartz_sword": "Розово-кварцевый меч",
    "item.jeg.euclase_sword": "Евклазовый меч",
    "item.jeg.chrysolite_sword": "Хризолитовый меч",
    "item.jeg.sapphire_sword": "Сапфировый меч",
    "item.jeg.heliodore_sword": "Гелиодоровый меч",
    "item.jeg.ruby_sword": "Рубиновый меч",
    "item.jeg.aquamarine_sword": "Аквамариновый меч",
    "item.jeg.tanzanite_sword": "Танзанитовый меч",
    "item.jeg.tsavorite_sword": "Цаворитовый меч",
    "item.jeg.verdelite_sword": "Верделитовый меч",
    "item.jeg.indigolite_sword": "Индиголитовый меч",
    "item.jeg.opal_sword": "Опаловый меч",
    "item.jeg.quartz_axe": "Кварцевый топор",
    "item.jeg.andalusite_axe": "Андалузитовый топор",
    "item.jeg.morganite_axe": "Морганитовый топор",
    "item.jeg.taaffeite_axe": "Таафеитовый топор",
    "item.jeg.pink_quartz_axe": "Розово-кварцевый топор",
    "item.jeg.euclase_axe": "Евклазовый топор",
    "item.jeg.chrysolite_axe": "Хризолитовый топор",
    "item.jeg.sapphire_axe": "Сапфировый топор",
    "item.jeg.heliodore_axe": "Гелиодоровый топор",
    "item.jeg.ruby_axe": "Рубиновый топор",
    "item.jeg.aquamarine_axe": "Аквамариновый топор",
    "item.jeg.tanzanite_axe": "Танзанитовый топор",
    "item.jeg.tsavorite_axe": "Цаворитовый топор",
    "item.jeg.verdelite_axe": "Верделитовый топор",
    "item.jeg.indigolite_axe": "Индиголитовый топор",
    "item.jeg.opal_axe": "Опаловый топор",
    "item.jeg.quartz_double_sword": "Кварцевый двусторонний меч",
    "item.jeg.andalusite_double_sword": "Андалузитовый двусторонний меч",
    "item.jeg.morganite_double_sword": "Морганитовый двусторонний меч",
    "item.jeg.taaffeite_double_sword": "Таафеитовый двусторонний меч",
    "item.jeg.pink_quartz_double_sword": "Розово-кварцевый двусторонний меч",
    "item.jeg.euclase_double_sword": "Евклазовый двусторонний меч",
    "item.jeg.chrysolite_double_sword": "Хризолитовый двусторонний меч",
    "item.jeg.sapphire_double_sword": "Сапфировый двусторонний меч",
    "item.jeg.heliodore_double_sword": "Гелиодоровый двусторонний меч",
    "item.jeg.ruby_double_sword": "Рубиновый двусторонний меч",
    "item.jeg.aquamarine_double_sword": "Аквамариновый двусторонний меч",
    "item.jeg.tanzanite_double_sword": "Танзанитовый двусторонний меч",
    "item.jeg.tsavorite_double_sword": "Цаворитовый двусторонний меч",
    "item.jeg.verdelite_double_sword": "Верделитовый двусторонний меч",
    "item.jeg.indigolite_double_sword": "Индиголитовый двусторонний меч",
    "item.jeg.opal_double_sword": "Опаловый двусторонний меч",
    "item.jeg.quartz_double_axe": "Кварцевый двусторонний топор",
    "item.jeg.andalusite_double_axe": "Андалузитовый двусторонний топор",
    "item.jeg.morganite_double_axe": "Морганитовый двусторонний топор",
    "item.jeg.taaffeite_double_axe": "Таафеитовый двусторонний топор",
    "item.jeg.pink_quartz_double_axe": "Розово-кварцевый двусторонний топор",
    "item.jeg.euclase_double_axe": "Евклазовый двусторонний топор",
    "item.jeg.chrysolite_double_axe": "Хризолитовый двусторонний топор",
    "item.jeg.sapphire_double_axe": "Сапфировый двусторонний топор",
    "item.jeg.heliodore_double_axe": "Гелиодоровый двусторонний топор",
    "item.jeg.ruby_double_axe": "Рубиновый двусторонний топор",
    "item.jeg.aquamarine_double_axe": "Аквамариновый двусторонний топор",
    "item.jeg.tanzanite_double_axe": "Танзанитовый двусторонний топор",
    "item.jeg.tsavorite_double_axe": "Цаворитовый двусторонний топор",
    "item.jeg.verdelite_double_axe": "Верделитовый двусторонний топор",
    "item.jeg.indigolite_double_axe": "Индиголитовый двусторонний топор",
    "item.jeg.opal_double_axe": "Опаловый двусторонний топор",
    "item.jeg.quartz_dagger": "Кварцевый клинок",
    "item.jeg.andalusite_dagger": "Андалузитовый клинок",
    "item.jeg.morganite_dagger": "Морганитовый клинок",
    "item.jeg.taaffeite_dagger": "Таафеитовый клинок",
    "item.jeg.pink_quartz_dagger": "Розово-кварцевый клинок",
    "item.jeg.euclase_dagger": "Евклазовый клинок",
    "item.jeg.chrysolite_dagger": "Хризолитовый клинок",
    "item.jeg.sapphire_dagger": "Сапфировый клинок",
    "item.jeg.heliodore_dagger": "Гелиодоровый клинок",
    "item.jeg.ruby_dagger": "Рубиновый клинок",
    "item.jeg.aquamarine_dagger": "Аквамариновый клинок",
    "item.jeg.tanzanite_dagger": "Танзанитовый клинок",
    "item.jeg.tsavorite_dagger": "Цаворитовый клинок",
    "item.jeg.verdelite_dagger": "Верделитовый клинок",
    "item.jeg.indigolite_dagger": "Индиголитовый клинок",
    "item.jeg.opal_dagger": "Опаловый клинок",
    "item.jeg.quartz_shield": "Кварцевый щит",
    "item.jeg.andalusite_shield": "Андалузитовый щит",
    "item.jeg.morganite_shield": "Морганитовый щит",
    "item.jeg.taaffeite_shield": "Таафеитовый щит",
    "item.jeg.pink_quartz_shield": "Розово-кварцевый щит",
    "item.jeg.euclase_shield": "Евклазовый щит",
    "item.jeg.chrysolite_shield": "Хризолитовый щит",
    "item.jeg.sapphire_shield": "Сапфировый щит",
    "item.jeg.heliodore_shield": "Гелиодоровый щит",
    "item.jeg.ruby_shield": "Рубиновый щит",
    "item.jeg.aquamarine_shield": "Аквамариновый щит",
    "item.jeg.tanzanite_shield": "Танзанитовый щит",
    "item.jeg.tsavorite_shield": "Цаворитовый щит",
    "item.jeg.verdelite_shield": "Верделитовый щит",
    "item.jeg.indigolite_shield": "Индиголитовый щит",
    "item.jeg.opal_shield": "Опаловый щит",
    "block.jeg.quartz_ore": "Кварцевая руда",
    "block.jeg.andalusite_ore": "Андалузитовая руда",
    "block.jeg.morganite_ore": "Морганитовая руда",
    "block.jeg.taaffeite_ore": "Таафеитовая руда",
    "block.jeg.pink_quartz_ore": "Розово-кварцевая руда",
    "block.jeg.euclase_ore": "Евклазовая руда",
    "block.jeg.chrysolite_ore": "Хризолитовая руда",
    "block.jeg.sapphire_ore": "Сапфировая руда",
    "block.jeg.heliodore_ore": "Гелиодоровая руда",
    "block.jeg.ruby_ore": "Рубиновая руда",
    "block.jeg.aquamarine_ore": "Аквамариновая руда",
    "block.jeg.tanzanite_ore": "Танзанитовая руда",
    "block.jeg.tsavorite_ore": "Цаворитовая руда",
    "block.jeg.verdelite_ore": "Верделитовая руда",
    "block.jeg.indigolite_ore": "Индиголитовая руда",
    "block.jeg.opal_ore": "Опаловая руда",
    "item.jeg.quartz_fragment": "Сырой кварц",
    "item.jeg.andalusite_fragment": "Сырой андалузит",
    "item.jeg.morganite_fragment": "Сырой морганит",
    "item.jeg.taaffeite_fragment": "Сырой таафеит",
    "item.jeg.pink_quartz_fragment": "Сырой розовый кварц",
    "item.jeg.euclase_fragment": "Сырой евклаз",
    "item.jeg.chrysolite_fragment": "Сырой хризолит",
    "item.jeg.sapphire_fragment": "Сырой сапфир",
    "item.jeg.heliodore_fragment": "Сырой гелиодор",
    "item.jeg.ruby_fragment": "Сырой рубин",
    "item.jeg.aquamarine_fragment": "Сырой аквамарин",
    "item.jeg.tanzanite_fragment": "Сырой танзанит",
    "item.jeg.tsavorite_fragment": "Сырой цаворит",
    "item.jeg.verdelite_fragment": "Сырой верделит",
    "item.jeg.indigolite_fragment": "Сырой индиголит",
    "item.jeg.opal_fragment": "Сырой опал",
    "item.jeg.quartz_ingot": "Кварцевый слиток",
    "item.jeg.andalusite_ingot": "Андалузитовый слиток",
    "item.jeg.morganite_ingot": "Морганитовый слиток",
    "item.jeg.taaffeite_ingot": "Таафеитовый слиток",
    "item.jeg.pink_quartz_ingot": "Розово-кварцевый слиток",
    "item.jeg.euclase_ingot": "Евклазовый слиток",
    "item.jeg.chrysolite_ingot": "Хризолитовый слиток",
    "item.jeg.sapphire_ingot": "Сапфировый слиток",
    "item.jeg.heliodore_ingot": "Гелиодоровый слиток",
    "item.jeg.ruby_ingot": "Рубиновый слиток",
    "item.jeg.aquamarine_ingot": "Аквамариновый слиток",
    "item.jeg.tanzanite_ingot": "Танзанитовый слиток",
    "item.jeg.tsavorite_ingot": "Цаворитовый слиток",
    "item.jeg.verdelite_ingot": "Верделитовый слиток",
    "item.jeg.indigolite_ingot": "Индиголитовый слиток",
    "item.jeg.opal_ingot": "Опаловый слиток",
    "item.jeg.quartz_nugget": "Кварцевый самородок",
    "item.jeg.andalusite_nugget": "Андалузитовый самородок",
    "item.jeg.morganite_nugget": "Морганитовый самородок",
    "item.jeg.taaffeite_nugget": "Таафеитовый самородок",
    "item.jeg.pink_quartz_nugget": "Розово-кварцевый самородок",
    "item.jeg.euclase_nugget": "Евклазовый самородок",
    "item.jeg.chrysolite_nugget": "Хризолитовый самородок",
    "item.jeg.sapphire_nugget": "Сапфировый самородок",
    "item.jeg.heliodore_nugget": "Гелиодоровый самородок",
    "item.jeg.ruby_nugget": "Рубиновый самородок",
    "item.jeg.aquamarine_nugget": "Аквамариновый самородок",
    "item.jeg.tanzanite_nugget": "Танзанитовый самородок",
    "item.jeg.tsavorite_nugget": "Цаворитовый самородок",
    "item.jeg.verdelite_nugget": "Верделитовый самородок",
    "item.jeg.indigolite_nugget": "Индиголитовый самородок",
    "item.jeg.opal_nugget": "Опаловый самородок",
    "item.jeg.quartz_pickaxe": "Кварцевая кирка",
    "item.jeg.andalusite_pickaxe": "Андалузитовая кирка",
    "item.jeg.morganite_pickaxe": "Морганитовая кирка",
    "item.jeg.taaffeite_pickaxe": "Таафеитовая кирка",
    "item.jeg.pink_quartz_pickaxe": "Розово-кварцевая кирка",
    "item.jeg.euclase_pickaxe": "Евклазовая кирка",
    "item.jeg.chrysolite_pickaxe": "Хризолитовая кирка",
    "item.jeg.sapphire_pickaxe": "Сапфировая кирка",
    "item.jeg.heliodore_pickaxe": "Гелиодоровая кирка",
    "item.jeg.ruby_pickaxe": "Рубиновая кирка",
    "item.jeg.aquamarine_pickaxe": "Аквамариновая кирка",
    "item.jeg.tanzanite_pickaxe": "Танзанитовая кирка",
    "item.jeg.tsavorite_pickaxe": "Цаворитовая кирка",
    "item.jeg.verdelite_pickaxe": "Верделитовая кирка",
    "item.jeg.indigolite_pickaxe": "Индиголитовая кирка",
    "item.jeg.opal_pickaxe": "Опаловая кирка",
    "item.jeg.quartz_shovel": "Кварцевая лопата",
    "item.jeg.andalusite_shovel": "Андалузитовая лопата",
    "item.jeg.morganite_shovel": "Морганитовая лопата",
    "item.jeg.taaffeite_shovel": "Таафеитовая лопата",
    "item.jeg.pink_quartz_shovel": "Розово-кварцевая лопата",
    "item.jeg.euclase_shovel": "Евклазовая лопата",
    "item.jeg.chrysolite_shovel": "Хризолитовая лопата",
    "item.jeg.sapphire_shovel": "Сапфировая лопата",
    "item.jeg.heliodore_shovel": "Гелиодоровая лопата",
    "item.jeg.ruby_shovel": "Рубиновая лопата",
    "item.jeg.aquamarine_shovel": "Аквамариновая лопата",
    "item.jeg.tanzanite_shovel": "Танзанитовая лопата",
    "item.jeg.tsavorite_shovel": "Цаворитовая лопата",
    "item.jeg.verdelite_shovel": "Верделитовая лопата",
    "item.jeg.indigolite_shovel": "Индиголитовая лопата",
    "item.jeg.opal_shovel": "Опаловая лопата",
    "item.jeg.quartz_hoe": "Кварцевая мотыга",
    "item.jeg.andalusite_hoe": "Андалузитовая мотыга",
    "item.jeg.morganite_hoe": "Морганитовая мотыга",
    "item.jeg.taaffeite_hoe": "Таафеитовая мотыга",
    "item.jeg.pink_quartz_hoe": "Розово-кварцевая мотыга",
    "item.jeg.euclase_hoe": "Евклазовая мотыга",
    "item.jeg.chrysolite_hoe": "Хризолитовая мотыга",
    "item.jeg.sapphire_hoe": "Сапфировая мотыга",
    "item.jeg.heliodore_hoe": "Гелиодоровая мотыга",
    "item.jeg.ruby_hoe": "Рубиновая мотыга",
    "item.jeg.aquamarine_hoe": "Аквамариновая мотыга",
    "item.jeg.tanzanite_hoe": "Танзанитовая мотыга",
    "item.jeg.tsavorite_hoe": "Цаворитовая мотыга",
    "item.jeg.verdelite_hoe": "Верделитовая мотыга",
    "item.jeg.indigolite_hoe": "Индиголитовая мотыга",
    "item.jeg.opal_hoe": "Опаловая мотыга",
    "item.jeg.quartz_boots": "Кварцевые ботинки",
    "item.jeg.quartz_leggings": "Кварцевые поножи",
    "item.jeg.quartz_chestplate": "Кварцев",
    "item.jeg.quartz_helmet": "Quartz Helmet",
    "item.jeg.andalusite_boots": "Andalusite Boots",
    "item.jeg.andalusite_leggings": "Andalusite Leggings",
    "item.jeg.andalusite_chestplate": "Andalusite Chestplate",
    "item.jeg.andalusite_helmet": "Andalusite Helmet",
    "item.jeg.morganite_boots": "Morganite Boots",
    "item.jeg.morganite_leggings": "Morganite Leggings",
    "item.jeg.morganite_chestplate": "Morganite Chestplate",
    "item.jeg.morganite_helmet": "Morganite Helmet",
    "item.jeg.taaffeite_boots": "Taaffeite Boots",
    "item.jeg.taaffeite_leggings": "Taaffeite Leggings",
    "item.jeg.taaffeite_chestplate": "Taaffeite Chestplate",
    "item.jeg.taaffeite_helmet": "Taaffeite Helmet",
    "item.jeg.pink_quartz_boots": "Pink Quartz Boots",
    "item.jeg.pink_quartz_leggings": "Pink Quartz Leggings",
    "item.jeg.pink_quartz_chestplate": "Pink Quartz Chestplate",
    "item.jeg.pink_quartz_helmet": "Pink Quartz Helmet",
    "item.jeg.euclase_boots": "Euclase Boots",
    "item.jeg.euclase_leggings": "Euclase Leggings",
    "item.jeg.euclase_chestplate": "Euclase Chestplate",
    "item.jeg.euclase_helmet": "Euclase Helmet",
    "item.jeg.chrysolite_boots": "Chrysolite Boots",
    "item.jeg.chrysolite_leggings": "Chrysolite Leggings",
    "item.jeg.chrysolite_chestplate": "Chrysolite Chestplate",
    "item.jeg.chrysolite_helmet": "Chrysolite Helmet",
    "item.jeg.sapphire_boots": "Sapphire Boots",
    "item.jeg.sapphire_leggings": "Sapphire Leggings",
    "item.jeg.sapphire_chestplate": "Sapphire Chestplate",
    "item.jeg.sapphire_helmet": "Sapphire Helmet",
    "item.jeg.heliodore_boots": "Heliodore Boots",
    "item.jeg.heliodore_leggings": "Heliodore Leggings",
    "item.jeg.heliodore_chestplate": "Heliodore Chestplate",
    "item.jeg.heliodore_helmet": "Heliodore Helmet",
    "item.jeg.ruby_boots": "Ruby Boots",
    "item.jeg.ruby_leggings": "Ruby Leggings",
    "item.jeg.ruby_chestplate": "Ruby Chestplate",
    "item.jeg.ruby_helmet": "Ruby Helmet",
    "item.jeg.aquamarine_boots": "Aquamarine Boots",
    "item.jeg.aquamarine_leggings": "Aquamarine Leggings",
    "item.jeg.aquamarine_chestplate": "Aquamarine Chestplate",
    "item.jeg.aquamarine_helmet": "Aquamarine Helmet",
    "item.jeg.tanzanite_boots": "Tanzanite Boots",
    "item.jeg.tanzanite_leggings": "Tanzanite Leggings",
    "item.jeg.tanzanite_chestplate": "Tanzanite Chestplate",
    "item.jeg.tanzanite_helmet": "Tanzanite Helmet",
    "item.jeg.tsavorite_boots": "Tsavorite Boots",
    "item.jeg.tsavorite_leggings": "Tsavorite Leggings",
    "item.jeg.tsavorite_chestplate": "Tsavorite Chestplate",
    "item.jeg.tsavorite_helmet": "Tsavorite Helmet",
    "item.jeg.verdelite_boots": "Verdelite Boots",
    "item.jeg.verdelite_leggings": "Verdelite Leggings",
    "item.jeg.verdelite_chestplate": "Verdelite Chestplate",
    "item.jeg.verdelite_helmet": "Verdelite Helmet",
    "item.jeg.indigolite_boots": "Indigolite Boots",
    "item.jeg.indigolite_leggings": "Indigolite Leggings",
    "item.jeg.indigolite_chestplate": "Indigolite Chestplate",
    "item.jeg.indigolite_helmet": "Indigolite Helmet",
    "item.jeg.opal_boots": "Opal Boots",
    "item.jeg.opal_leggings": "Opal Leggings",
    "item.jeg.opal_chestplate": "Opal Chestplate",
    "item.jeg.opal_helmet": "Opal Helmet"
}