{
    "variants": {
        "stage=0": {
            "model": "jeg:block/andalusite_ore_stage0"
        },
        "stage=1": {
            "model": "jeg:block/andalusite_ore_stage1"
        },
        "stage=2": {
            "model": "jeg:block/andalusite_ore_stage2"
        },
        "stage=3": {
            "model": "jeg:block/andalusite_ore_stage3"
        },
        "stage=4": {
            "model": "jeg:block/andalusite_ore_stage4"
        },
        "stage=5": {
            "model": "jeg:block/andalusite_ore_stage5"
        }
    }
}