{
  "schemaVersion": 1,
  "id": "moremetals",
  "version": "1.5.0",
  "name": "MoreMetals",
  "description": "A mod that adds more metals to the game with their special properties, tools and armor",
  "authors": [
    "KarpovAnton729"
  ],
  "contributors": [],
  "contact": {},
  "license": "MIT",
  "icon": "assets/moremetals/icon.png",
  "environment": "*",
  "entrypoints": {
    "main": [
      "com.karpovanton.moremetals.MoreMetals"
    ],
    "client": [],
    "server": []
  },
  "mixins": [],
  "depends": {
    "fabricloader": ">=0.14.8",
    "fabric": "*",
    "minecraft": "1.19.x"
  }
}